age_group,n,acc,fpr,fnr,tn,fp,fn,tp
20-29,3206,0.7866500311915157,0.24537815126050408,0.17311752287121734,1347,438,246,1175
30-39,2263,0.810428634555899,0.26183282980866035,0.1330708661417322,733,260,169,1101
3-9,1334,0.6034482758620685,0.29623567921440214,0.48132780082987486,430,181,348,375
40-49,1319,0.7983320697498099,0.34653465346534584,0.11179361179361165,330,175,91,723
10-19,1164,0.6984536082474221,0.2937399678972708,0.3105360443622915,440,183,168,373
50-59,771,0.7821011673151741,0.3588850174216015,0.13429752066115674,184,103,65,419
60-69,312,0.7371794871794848,0.4601769911504384,0.15075376884422034,61,52,30,169
0-2,197,0.5736040609137026,0.3157894736842064,0.49586776859503723,52,24,60,61
more than 70,115,0.7652173913043412,0.3392857142857082,0.13559322033898075,37,19,8,51
