race,n,acc,fpr,fnr,tn,fp,fn,tp
White,2017,0.7431829449677736,0.31397849462365557,0.20791168353265851,638,292,226,861
Latino_Hispanic,1593,0.7708725674827366,0.27906976744186013,0.17654639175257708,589,228,137,639
Black,1512,0.7123015873015869,0.35182679296346364,0.22639068564036194,479,260,175,598
East Asian,1511,0.7432164129715416,0.20159151193633926,0.3117569352708054,602,152,236,521
Indian,1488,0.7573924731182791,0.31914893617021234,0.16440217391304324,512,240,121,615
Southeast Asian,1393,0.7501794687724331,0.24441132637853913,0.2548476454293625,507,164,184,538
Middle Eastern,1167,0.8243359040274201,0.25647668393782314,0.1357234314980792,287,99,106,675
