age_group,n,acc,fpr,fnr,tn,fp,fn,tp
20-29,3206,0.8134747348721145,0.2084033613445377,0.15904292751583382,1413,372,226,1195
30-39,2263,0.8356164383561641,0.23363544813695847,0.11023622047244086,761,232,140,1130
3-9,1334,0.6544227886056967,0.32078559738134155,0.3665283540802208,415,196,265,458
40-49,1319,0.823351023502653,0.2811881188118806,0.11179361179361165,363,142,91,723
10-19,1164,0.7036082474226799,0.2760834670947026,0.3197781885397406,451,172,173,368
50-59,771,0.8145265888456539,0.3588850174216015,0.08264462809917338,184,103,40,444
60-69,312,0.7692307692307667,0.4247787610619432,0.12060301507537628,65,48,24,175
0-2,197,0.5888324873096417,0.49999999999999345,0.3553719008264434,38,38,43,78
more than 70,115,0.6782608695652115,0.44642857142856346,0.20338983050847112,31,25,12,47
