race,n,acc,fpr,fnr,tn,fp,fn,tp
White,2017,0.7997025285076843,0.23548387096774168,0.17019319227230897,711,219,185,902
Latino_Hispanic,1593,0.8204645323289387,0.18971848225214175,0.1688144329896905,662,155,131,645
Black,1512,0.6838624338624335,0.4235453315290928,0.21345407503234123,426,313,165,608
East Asian,1511,0.7882197220383848,0.21220159151193604,0.21136063408190195,594,160,160,597
Indian,1488,0.7499999999999996,0.3151595744680847,0.183423913043478,515,237,135,601
Southeast Asian,1393,0.7781765972720741,0.22950819672131112,0.214681440443213,517,154,155,567
Middle Eastern,1167,0.8517566409597251,0.23316062176165742,0.10627400768245825,296,90,83,698
